{
  "categories": ["Все товары", "Сумки", "Куртки", "Кофты", "Аксессуары"],
  "products":
  [
    {
      "id": 1,
      "title": "КОСТЮМ NOVUS",
      "subtitle": "КОСТЮМ ОВЕРСАЙЗ ИЗ МИКРОВЕЛЮРА. ДЕРЖИТ ТЕПЛУЮ ВОЗДУШНУЮ ПОДУШКУ ВНУТРИ КОСТЮМА. НЕ СКОВЫВАЕТ ДВИЖЕНИ.." ,
      "price": 3751,
      "images": "https://advolatum.ru/image/cache/catalog/%20фото%20новые/image-16-04-23-02-17-492x716.jpeg",
      "category": "Все товары"
    },
    {
      "id": 2,
      "title": "КОФТА STILL",
      "subtitle": "Оригинальная кофта из футера с начесом!" ,
      "price": 6000,
      "images": "https://advolatum.ru/image/cache/catalog/%20фото%20новые/image-16-04-23-02-17-12-492x716.jpeg",
      "category": "Кофты"
    },
    {
      "id": 3,
      "title": "КРОП БОШКА",
      "subtitle": "Короткий свитшот из футера 3х нитки!" ,
      "price": 5000,
      "images": "https://advolatum.ru/image/cache/catalog/%20фото%20новые/image-16-04-23-02-17-10-492x716.jpeg",
      "category": "Верхняя Одежда"
    },

    {
      "id": 4,
      "title": "КРОП КЛАССИКА",
      "subtitle": "Короткий свитшот из футера 3х нитки!" ,
      "price": 4500,
      "images": "https://advolatum.ru/image/cache/catalog/%20фото%20новые/image-16-04-23-02-17-8-492x716.jpeg",
      "category": "Верхняя Одежда"
    },

    {
      "id": 5,
      "title": "КРОП РОМАШКА",
      "subtitle": "Короткий свитшот из футера 3х нитки!" ,
      "price": 5000,
      "images": "https://advolatum.ru/image/cache/catalog/%20фото%20новые/image-16-04-23-02-17-9-492x716.jpeg",
      "category": "Верхняя Одежда"
    },

    {
      "id": 6,
      "title": "КУРТКА ANTIQUUS",
      "subtitle": "ПОТЕРТАЯ СТИЛИЗОВАННАЯ ДЖИНСА НА ПЛОТНОЙ ЗИМНЕЙ ПОДКЛАДКЕ. ВСЕ РАЗМЕРЫ. ВЫСОКИЙ ВОРОТ, СТИЛЬНЫЙ ЯРКИ.." ,
      "price": 8000,
      "images": "https://advolatum.ru/image/cache/catalog/%20фото%20новые/image-16-04-23-02-17-1-492x716.jpeg",
      "category": "Куртки"
    },

    {
      "id": 7,
      "title": "СНЕПБЭК БОШКА",
      "subtitle": "ДЕРЗОСТЬ И МОЛОДОСТЬ. ПРЯМОЙ КОЗЫРЕК, СОЧНЫЙ ПРИНТ. ЛЕТОМ ЗАЩИЩАЕТ ОТ СОЛНЦА, ЗИМОЙ ОТ СНЕГА..." ,
      "price": 2700,
      "images": "https://advolatum.ru/image/cache/catalog/%20фото%20новые/image-16-04-23-02-17-13-492x716.jpeg",
      "category": "Аксессуары"
    },

    {
      "id": 8,
      "title": "ШТОРМОВКА CONTRA",
      "subtitle": "От влаги, ветра и плохого настроения. Зеленый - цвет весны и свежести." ,
      "price": 6000,
      "images": "https://advolatum.ru/image/cache/catalog/%20фото%20новые/image-16-04-23-02-17-4-492x716.jpeg",
      "category": "Куртки"
    },
    {
      "id": 9,
      "title": "ШТОРМОВКА CONTRA",
      "subtitle": "Борьба с влагой и ветром в красках брутальности с нотой природы." ,
      "price": 6000,
      "images": "https://advolatum.ru/image/cache/catalog/%20фото%20новые/image-16-04-23-02-17-5-492x716.jpeg",
      "category": "Куртки"
    },
    {
      "id": 10,
      "title": "ШТОРМОВКА CONTRA",
      "subtitle": "От влаги, ветра и плохого настроения. Зеленый - цвет весны и свежести." ,
      "price": 6000,
      "images": "https://advolatum.ru/image/cache/catalog/%20фото%20новые/image-16-04-23-02-17-4-492x716.jpeg",
      "category": "Куртки"
    },
    {
      "id": 11,
      "title": "СУМКА КОБУРА",
      "subtitle": "Надевайте на верхнюю одежду или под нее. Грязеустойчивая и эргономичная. Имеет 4 отсека: открытый вертикальный для телефона; средний карман под замком для мелочей; нижний оперативный карман для ключей; прительный карман для безопасного хранения документов." ,
      "price": 2600,
      "images": "https://advolatum.ru/image/cache/catalog/%20фото%20новые/image-16-04-23-02-17-14-492x716.jpeg",
      "category": "Сумки"
    },
    {
      "id": 12,
      "title": "ШТОРМОВКА CONTRA",
      "subtitle": "От влаги, ветра и плохого настроения. Зеленый - цвет весны и свежести." ,
      "price": 6000,
      "images": "https://advolatum.ru/image/cache/catalog/%20фото%20новые/image-16-04-23-02-17-4-492x716.jpeg",
      "category": "Куртки"
    },
    {
      "id": 13,
      "title": "КОФТА COHORTIS",
      "subtitle": "Мягчайшая зимняя кофта с нашим любимым принтом" ,
      "price": 3800,
      "images": "https://advolatum.ru/image/cache/catalog/%20фото%20новые/image-16-04-23-02-17-6-492x716.jpeg",
      "category": "Кофты"
    },
    {
      "id": 14,
      "title": "КУРТКА MOLLIS",
      "subtitle": "Вельветовая куртка на синтепоне с фирменной вышивкой символа улиц. Маломерки, унисекс." ,
      "price": 6000,
      "images": "https://advolatum.ru/image/cache/catalog/%20фото%20новые/image-16-04-23-02-17-7-492x716.jpeg",
      "category": "куртки"
    }
  ]
}